{"cameraMode":{"drawMode":0,"name":"Shaded","section":"Shading Mode"},"sceneLighting":false,"audioPlay":false,"sceneViewState":{"showFog":true,"showMaterialUpdate":false,"showSkybox":true,"showFlares":true,"showImageEffects":true,"showParticleSystems":true},"in2DMode":false,"pivot":{"x":6.089114189147949,"y":4.438228607177734,"z":-2.9603607654571535},"rotation":{"x":-0.09957132488489151,"y":0.8209476470947266,"z":-0.15092292428016663,"w":-0.5416206121444702},"size":3.3788249492645265,"orthographic":false}