{"cameraMode":{"drawMode":0,"name":"Shaded","section":"Shading Mode"},"sceneLighting":true,"audioPlay":false,"sceneViewState":{"showFog":true,"showMaterialUpdate":false,"showSkybox":true,"showFlares":true,"showImageEffects":true,"showParticleSystems":true},"in2DMode":false,"pivot":{"x":67.15202331542969,"y":66.79066467285156,"z":151.97891235351563},"rotation":{"x":-0.16669756174087525,"y":0.40322238206863406,"z":-0.07496243715286255,"w":-0.8966629505157471},"size":1005.3941040039063,"orthographic":false}